TECH_TYPE,prev_gen_tech,hsj_coefficients
Biomass_IGCC,0.0,0.0
Biomass_IGCC_CCS,0.0,0.0
Central_PV,96.12644873054047,0.0
Coal_IGCC,1029.3014285824274,0.0
Coal_IGCC_CCS,0.0,0.0
Coal_ST,417.57601607567125,1.0
Commercial_PV,0.0,0.0
Geothermal,599.5867556570363,1.0
NG_CC,346.3281291336733,1.0
NG_CC_CCS,0.0,0.0
NG_GT,3.225742672974264e-14,1.0
Nuclear,0.0,0.0
Residential_PV,0.0,0.0
Wind,763.2637418206509,1.0
