TECH_TYPE,prev_gen_tech,hsj_coefficients
Biomass_IGCC,0.0,0.0
Biomass_IGCC_CCS,0.0,0.0
Central_PV,-2.9242768542049e-15,0.0
Coal_IGCC,-1.1756341620839576e-14,0.0
Coal_IGCC_CCS,-5.082787019848458e-15,0.0
Coal_ST,44.496134784,0.0
Commercial_PV,1.3820646151645916e-14,0.0
Geothermal,67.924537852248,0.0
NG_CC,139.8986480672093,0.0
NG_CC_CCS,0.0,0.0
NG_GT,11.071707499775243,0.0
Nuclear,0.0,0.0
Residential_PV,1.943206624996267e-15,0.0
Wind,85.8270294,0.0
