gen_tech,gen_energy_source,period,Energy_GWh_typical_yr,VariableCost_per_yr,DispatchEmissions_tCO2_per_typical_yr
Biomass_IGCC,BioSolid,2020,0.0,0.0,0.0
Biomass_IGCC,BioSolid,2030,44.66617594581893,714848.3043195836,0.0
Biomass_IGCC_CCS,BioSolid,2030,0.0,0.0,0.0
Central_PV,Solar,2020,0.0,0.0,0.0
Central_PV,Solar,2030,29.208312000000003,0.0,0.0
Coal_IGCC,Coal,2020,0.0,0.0,0.0
Coal_IGCC,Coal,2030,23.679811108511057,115220.27769934875,17982.0696788256
Coal_IGCC_CCS,Coal,2030,0.0,0.0,0.0
Coal_ST,Coal,2020,29.664062784,103824.219744,26209.97931343104
Coal_ST,Coal,2030,14.832072,50429.044799999996,12750.835656959998
Commercial_PV,Solar,2020,0.0,0.0,0.0
Commercial_PV,Solar,2030,8.9343072,0.0,0.0
Geothermal,Geothermal,2020,33.962222434248,1126000.5036962754,0.0
Geothermal,Geothermal,2030,13.492398489492626,466783.0181424868,0.0
NG_CC,NaturalGas,2020,58.11528258096916,221703.75430340477,20675.517172568423
NG_CC,NaturalGas,2030,0.0,0.0,0.0
NG_CC_CCS,NaturalGas,2030,0.0,0.0,0.0
NG_GT,NaturalGas,2020,26.588558249910534,676241.4302464562,14658.096678691223
NG_GT,NaturalGas,2030,0.0,0.0,0.0
Nuclear,Uranium,2030,0.0,0.0,0.0
Residential_PV,Solar,2020,0.0,0.0,0.0
Residential_PV,Solar,2030,5.7128022,0.0,0.0
Wind,Wind,2020,0.0,0.0,0.0
Wind,Wind,2030,57.94413660000001,0.0,0.0
