TECH_TYPE,prev_gen_tech,hsj_coefficients
Biomass_IGCC,0.0,2.0
Biomass_IGCC_CCS,0.0,0.0
Central_PV,96.21165146710274,3.0
Coal_IGCC,583.3094565116359,3.0
Coal_IGCC_CCS,369.6883365649316,0.0
Coal_ST,420.010212588176,4.0
Commercial_PV,21.901839358364846,2.0
Geothermal,562.8395917086734,4.0
NG_CC,619.3097654634022,4.0
NG_CC_CCS,1.8286523089423255e-15,0.0
NG_GT,91.22683064824214,3.0
Nuclear,0.0,0.0
Residential_PV,13.297545324721517,1.0
Wind,474.38729036475,4.0
