TECH_TYPE,prev_gen_tech,hsj_coefficients
Biomass_IGCC,137.04400630364245,0.0
Biomass_IGCC_CCS,0.0,0.0
Central_PV,96.21165146710274,1.0
Coal_IGCC,662.8357896803016,1.0
Coal_IGCC_CCS,0.0,0.0
Coal_ST,419.75205386596554,2.0
Commercial_PV,21.901839358364846,0.0
Geothermal,643.2453734607884,2.0
NG_CC,569.291008447846,2.0
NG_CC_CCS,7.314609235769302e-15,0.0
NG_GT,75.27495854206586,1.0
Nuclear,0.0,0.0
Residential_PV,0.0,0.0
Wind,626.6258388739249,2.0
