TECH_TYPE,prev_gen_tech,hsj_coefficients
Biomass_IGCC,0.0,2.0
Biomass_IGCC_CCS,0.0,0.0
Central_PV,96.21165146710274,3.0
Coal_IGCC,583.3094565116351,3.0
Coal_IGCC_CCS,85.47203503022286,0.0
Coal_ST,420.010212588176,4.0
Commercial_PV,21.901839358364846,2.0
Geothermal,643.2453734607883,4.0
NG_CC,619.3097654634012,4.0
NG_CC_CCS,0.0,0.0
NG_GT,91.226830648242,3.0
Nuclear,0.0,0.0
Residential_PV,13.297545324721517,1.0
Wind,678.1978101473435,4.0
