TRANS_BLD_YRS_1,TRANS_BLD_YRS_2,BuildTx
N-C,2020,0.0
N-C,2030,9.453605353100656
C-S,2020,0.0
C-S,2030,5.795367229099734
