TRANS_BLD_YRS_1,TRANS_BLD_YRS_2,BuildTx
N-C,2020,6.923394389715124
N-C,2030,2.5302109633855316
C-S,2020,1.8635781527331563
C-S,2030,3.9317890763665773
