PERIODS,SystemCostPerPeriod_NPV,SystemCostPerPeriod_Real,EnergyCostReal_per_MWh,SystemDemand_MWh
2020,80711206.11952175,11523848.663912473,8.216316775535343,1402556.52
2030,74320291.06350525,17284789.76321091,9.345018810943895,1849626.0
