TRANSMISSION_LINE,PERIOD,trans_lz1,trans_lz2,trans_dbid,trans_length_km,trans_efficiency,trans_derating_factor,TxCapacityNameplate,TxCapacityNameplateAvailable,TotalAnnualCost
N-C,2020,North,Central,N-C,100,0.96,1,9.923394389715124,9.923394389715124,123440.00614408734
N-C,2030,North,Central,N-C,100,0.96,1,12.453605353100656,12.453605353100656,154914.04059240612
C-S,2020,Central,South,C-S,200,0.94,1,7.863578152733156,7.863578152733156,195634.69864584462
C-S,2030,Central,South,C-S,200,0.94,1,11.795367229099734,11.795367229099734,293452.04796876694
