TRANS_BLD_YRS_1,TRANS_BLD_YRS_2,BuildTx
C-S,2020,1.86357815273316
C-S,2030,3.93178907636658
N-C,2020,1.78405116568185
N-C,2030,0.914925141076347
