gen_tech,gen_energy_source,period,Energy_GWh_typical_yr,VariableCost_per_yr,DispatchEmissions_tCO2_per_typical_yr
Biomass_IGCC,BioSolid,2020,0.0,0.0,0.0
Biomass_IGCC,BioSolid,2030,0.0,0.0,0.0
Biomass_IGCC_CCS,BioSolid,2030,0.0,0.0,0.0
Central_PV,Solar,2020,1.4854352134295272e-15,0.0,0.0
Central_PV,Solar,2030,10.5665364,0.0,0.0
Coal_IGCC,Coal,2020,71.2420625251058,346646.7781521587,54100.08240856494
Coal_IGCC,Coal,2030,177.8156854388421,865208.4495809004,135030.38647128933
Coal_IGCC_CCS,Coal,2030,0.0,0.0,0.0
Coal_ST,Coal,2020,29.664062784,103824.219744,26209.97931343104
Coal_ST,Coal,2030,14.832072,50429.044799999996,12750.835656959998
Commercial_PV,Solar,2020,0.0,0.0,0.0
Commercial_PV,Solar,2030,0.0,0.0,0.0
Geothermal,Geothermal,2020,33.962222434248005,1126000.5036962756,0.0
Geothermal,Geothermal,2030,0.0,0.0,0.0
NG_CC,NaturalGas,2020,10.25534086506395,40813.39123008151,3648.5149301434512
NG_CC,NaturalGas,2030,-1.0157047000232617e-13,-2.0607261920317108e-10,0.0
NG_CC_CCS,NaturalGas,2030,-1.2288403736596623e-14,-1.2305844692929886e-10,-6.073136294364217e-13
NG_GT,NaturalGas,2020,6.490666845262102,144388.77837296267,3578.2617933918154
NG_GT,NaturalGas,2030,0.0,0.0,0.0
Nuclear,Uranium,2030,0.0,0.0,0.0
Residential_PV,Solar,2020,0.0,0.0,0.0
Residential_PV,Solar,2030,0.0,0.0,0.0
Wind,Wind,2020,-2.106048327732424e-14,0.0,0.0
Wind,Wind,2030,0.0,0.0,0.0
