TRANS_BLD_YRS_1,TRANS_BLD_YRS_2,BuildTx
C-S,2020,1.86357815273315
C-S,2030,3.93178907636658
N-C,2020,0.0119744114505323
N-C,2030,3.58781439530766
