TECH_TYPE,prev_gen_tech,hsj_coefficients
Biomass_IGCC,374.9821754060817,0.0
Biomass_IGCC_CCS,0.0,0.0
Central_PV,96.21165146710274,1.0
Coal_IGCC,696.68398879202,1.0
Coal_IGCC_CCS,0.0,0.0
Coal_ST,419.59130550461094,2.0
Commercial_PV,21.901839358364846,0.0
Geothermal,562.8395917086734,2.0
NG_CC,543.9060370382467,2.0
NG_CC_CCS,0.0,0.0
NG_GT,66.97247920129911,1.0
Nuclear,0.0,0.0
Residential_PV,4.4238756657932734e-15,0.0
Wind,469.09345152360027,2.0
