TECH_TYPE,prev_gen_tech,hsj_coefficients
Biomass_IGCC,0.0,2.0
Biomass_IGCC_CCS,0.0,0.0
Central_PV,96.21165146710354,3.0
Coal_IGCC,583.3094565116359,3.0
Coal_IGCC_CCS,279.1850240783322,0.0
Coal_ST,420.010212588176,4.0
Commercial_PV,21.901839358364846,2.0
Geothermal,643.2453734607884,4.0
NG_CC,619.3097654634018,4.0
NG_CC_CCS,0.0,0.0
NG_GT,91.22683064824193,3.0
Nuclear,0.0,0.0
Residential_PV,13.297545324721517,1.0
Wind,534.9588056851561,4.0
