PERIOD,SystemCostPerPeriod_NPV,SystemCostPerPeriod_Real,EnergyCostReal_per_MWh,SystemDemand_MWh
2020,81480072.96424244,11633626.544670943,8.294586620060732,1402556.52
2030,66726324.3079777,15518648.687068634,8.39015492162666,1849626.0
