TECH_TYPE,prev_gen_tech,hsj_coefficients
Biomass_IGCC,0.0,0.0
Biomass_IGCC_CCS,0.0,0.0
Central_PV,95.86008372589951,0.0
Coal_IGCC,1540.5901721548544,0.0
Coal_IGCC_CCS,0.0,0.0
Coal_ST,417.57601607567125,1.0
Commercial_PV,0.0,0.0
Geothermal,323.13958966022005,1.0
NG_CC,346.3281291336718,1.0
NG_CC_CCS,0.0,0.0
NG_GT,4.608203818534656e-15,1.0
Nuclear,0.0,0.0
Residential_PV,0.0,0.0
Wind,528.6885292496843,1.0
