TECH_TYPE,prev_gen_tech,hsj_coefficients
Biomass_IGCC,407.16885393910866,7.0
Biomass_IGCC_CCS,0.0,0.0
Central_PV,159.42156705404147,9.0
Coal_IGCC,30.618757331642353,10.0
Coal_IGCC_CCS,102.50331191215236,2.0
Coal_ST,420.06459341898744,12.0
Commercial_PV,22.20797949011523,8.0
Geothermal,642.8771892813286,12.0
NG_CC,676.8885227527611,12.0
NG_CC_CCS,-1.8387039798291306e-14,0.0
NG_GT,109.37190832995337,10.0
Nuclear,0.0,0.0
Residential_PV,13.483416118998534,6.0
Wind,667.5764203709106,12.0
