TECH_TYPE,prev_gen_tech,hsj_coefficients
Biomass_IGCC,70.23966675006332,1.0
Biomass_IGCC_CCS,0.0,0.0
Central_PV,96.21165146710274,2.0
Coal_IGCC,649.5382443555815,2.0
Coal_IGCC_CCS,0.0,0.0
Coal_ST,419.75205386596554,3.0
Commercial_PV,21.901839358364846,1.0
Geothermal,643.2453734607884,3.0
NG_CC,569.2910084478438,3.0
NG_CC_CCS,0.0,0.0
NG_GT,75.27495854206586,2.0
Nuclear,0.0,0.0
Residential_PV,53.56764642672151,0.0
Wind,653.1600773255032,3.0
