TECH_TYPE,prev_gen_tech,hsj_coefficients
Biomass_IGCC,395.9685062366227,0.0
Biomass_IGCC_CCS,0.0,0.0
Central_PV,105.665364,1.0
Coal_IGCC,759.6631901710787,1.0
Coal_IGCC_CCS,0.0,0.0
Coal_ST,444.96134783999986,2.0
Commercial_PV,24.053903999999996,0.0
Geothermal,594.3395899774799,2.0
NG_CC,575.4921239959639,2.0
NG_CC_CCS,0.0,0.0
NG_GT,71.8068980041759,1.0
Nuclear,0.0,0.0
Residential_PV,4.671463216254777e-15,0.0
Wind,514.7415122917827,2.0
