PERIOD,SystemCostPerPeriod_NPV,SystemCostPerPeriod_Real,EnergyCostReal_per_MWh,SystemDemand_MWh
2020,82423433.48432851,11768318.421941157,8.390619739118362,1402556.52
2030,65782963.78789165,15299249.811912619,8.271536954991236,1849626.0
