PERIOD,Component,Component_type,AnnualCost_NPV,AnnualCost_Real
2020,TotalGenFixedCosts,annual,29513358.011266537,4213881.660770301
2020,LocalTDFixedCosts,annual,14240596.001031432,2033255.1214361135
2020,FuelCostsPerPeriod,annual,23062499.620144248,3292835.8800699334
2020,TxFixedCosts,annual,1306842.4485104633,186589.3886148835
2030,TotalGenFixedCosts,annual,38756041.5292478,9013554.983455477
2030,LocalTDFixedCosts,annual,11068169.15288622,2574141.9218585
2030,FuelCostsPerPeriod,annual,3177616.978964018,739023.4973981812
2030,TxFixedCosts,annual,802287.8994302305,186589.3886148835
2020,GenVariableOMCostsInTP,timepoint,13068337.005731761,1865881.3959494852
2030,GenVariableOMCostsInTP,timepoint,6473994.203542865,1505667.2563468127
