PERIOD,SystemCostPerPeriod_NPV,SystemCostPerPeriod_Real,EnergyCostReal_per_MWh,SystemDemand_MWh
2020,83064923.76524188,11859909.630548166,8.455922782026756,1402556.52
2030,71878127.92844278,16716811.950517077,9.037941697682168,1849626.0
