TECH_TYPE,prev_gen_tech,hsj_coefficients
Biomass_IGCC,1280.5797401556138,0.0
Biomass_IGCC_CCS,0.0,0.0
Central_PV,0.0,1.0
Coal_IGCC,-2.6983102554952595e-14,1.0
Coal_IGCC_CCS,0.0,0.0
Coal_ST,276.0771348149489,2.0
Commercial_PV,22.28194834769753,0.0
Geothermal,320.9059349929486,2.0
NG_CC,380.12325536656294,2.0
NG_CC_CCS,0.0,0.0
NG_GT,44.07358080755586,1.0
Nuclear,0.0,0.0
Residential_PV,13.528325782530644,0.0
Wind,914.6125997321426,1.0
