TECH_TYPE,prev_gen_tech,hsj_coefficients
Biomass_IGCC,414.7359923014849,1.0
Biomass_IGCC_CCS,0.0,0.0
Central_PV,96.74724386356783,2.0
Coal_IGCC,435.24031777213844,2.0
Coal_IGCC_CCS,0.0,0.0
Coal_ST,419.75205386596554,3.0
Commercial_PV,22.023762830730885,1.0
Geothermal,632.5584941932434,3.0
NG_CC,569.2910084478445,3.0
NG_CC_CCS,0.0,0.0
NG_GT,75.27495854206586,2.0
Nuclear,0.0,0.0
Residential_PV,53.64167139208668,0.0
Wind,532.9170167908726,3.0
