TECH_TYPE,prev_gen_tech,hsj_coefficients
Biomass_IGCC,0.0,0.0
Biomass_IGCC_CCS,0.0,0.0
Central_PV,95.86874767450307,0.0
Coal_IGCC,1977.8997132690115,0.0
Coal_IGCC_CCS,0.0,0.0
Coal_ST,417.57601607567125,1.0
Commercial_PV,0.0,0.0
Geothermal,321.6222464523287,1.0
NG_CC,346.3281291336725,1.0
NG_CC_CCS,-8.368788813608244e-14,0.0
NG_GT,-4.50491197528451e-15,1.0
Nuclear,0.0,0.0
Residential_PV,0.0,0.0
Wind,92.8876673948131,1.0
