TECH_TYPE,prev_gen_tech,hsj_coefficients
Biomass_IGCC,437.9471935601741,1.0
Biomass_IGCC_CCS,0.0,0.0
Central_PV,105.665364,2.0
Coal_IGCC,471.6153646929213,2.0
Coal_IGCC_CCS,0.0,0.0
Coal_ST,444.96134783999986,3.0
Commercial_PV,24.053903999999996,1.0
Geothermal,667.9603951354208,3.0
NG_CC,602.4263973865909,3.0
NG_CC_CCS,0.0,0.0
NG_GT,80.54236969585145,2.0
Nuclear,0.0,0.0
Residential_PV,57.12802200000008,0.0
Wind,579.441366,3.0
